{
    "submitter": "gstlalcbc",
    "created": "2020-01-29 06:55:40 UTC",
    "group": "CBC",
    "graceid": "G361581",
    "pipeline": "gstlal",
    "gpstime": 1264316116.435104,
    "reporting_latency": 41.564896,
    "instruments": "H1,L1,V1",
    "nevents": 3,
    "offline": false,
    "search": "AllSky",
    "far": 6.6974775698056e-32,
    "far_is_upper_limit": false,
    "likelihood": 66.761182865824,
    "labels": [
        "SKYMAP_READY",
        "EMBRIGHT_READY",
        "PASTRO_READY"
    ],
    "extra_attributes": {
        "CoincInspiral": {
            "ifos": "H1,L1,V1",
            "end_time": 1264316116,
            "end_time_ns": 435103539,
            "mass": 77.695196151733,
            "mchirp": 32.744243621826,
            "minimum_duration": 20.564896345139,
            "snr": 26.611596221038,
            "false_alarm_rate": 5.3996457243177e-25,
            "combined_far": 6.6974775698056e-32
        },
        "SingleInspiral": [
            {
                "end_time_gmst": 46204.306319641,
                "event_duration": 0.0,
                "amplitude": 0.0,
                "Gamma8": 0.0,
                "psi0": 0.0,
                "mass1": 47.73967,
                "impulse_time": 0,
                "bank_chisq_dof": 0,
                "Gamma1": 779.0,
                "tau5": 0.0,
                "Gamma4": 0.0,
                "impulse_time_ns": 0,
                "tau0": 1.4107373,
                "spin2z": -0.98355848,
                "alpha6": 0.0,
                "ifo": "H1",
                "spin1x": 0.0,
                "spin1z": 0.83113605,
                "end_time": 1264316116,
                "spin2x": 0.0,
                "mtotal": 77.695198,
                "sigmasq": 129878280.76352,
                "tau2": 0.0,
                "alpha": 0.0,
                "Gamma3": 0.0,
                "beta": 0.0,
                "Gamma5": 0.0,
                "rsqveto_duration": 0.0,
                "psi3": 0.0,
                "spin2y": 0.0,
                "end_time_ns": 429801378,
                "coa_phase": 0.82341367,
                "chisq": 1.6618724,
                "ttotal": 0.0,
                "kappa": 0.0,
                "spin1y": 0.0,
                "eta": 0.23690163,
                "tau4": 0.0,
                "mchirp": 32.744244,
                "Gamma7": 0.0,
                "Gamma0": 9477537.0,
                "alpha1": 0.0,
                "f_final": 702.60938,
                "Gamma9": 0.0,
                "channel": "GDS-CALIB_STRAIN_CLEAN",
                "bank_chisq": 0.0,
                "chisq_dof": 1,
                "alpha5": 0.0,
                "search": "",
                "alpha3": 0.0,
                "snr": 14.625247,
                "tau3": 0.51151788,
                "template_duration": 2.4001738430656,
                "mass2": 29.955526,
                "chi": 0.0,
                "cont_chisq_dof": 0,
                "Gamma6": 0.0,
                "Gamma2": 0.0,
                "alpha4": 0.0,
                "alpha2": 0.0,
                "cont_chisq": 0.0
            },
            {
                "end_time_gmst": 46204.306320027,
                "event_duration": 0.0,
                "amplitude": 0.0,
                "Gamma8": 0.0,
                "psi0": 0.0,
                "mass1": 47.73967,
                "impulse_time": 0,
                "bank_chisq_dof": 0,
                "Gamma1": 779.0,
                "tau5": 0.0,
                "Gamma4": 0.0,
                "impulse_time_ns": 0,
                "tau0": 1.4107373,
                "spin2z": -0.98355848,
                "alpha6": 0.0,
                "ifo": "L1",
                "spin1x": 0.0,
                "spin1z": 0.83113605,
                "end_time": 1264316116,
                "spin2x": 0.0,
                "mtotal": 77.695198,
                "sigmasq": 237961786.41442,
                "tau2": 0.0,
                "alpha": 0.0,
                "Gamma3": 0.0,
                "beta": 0.0,
                "Gamma5": 0.0,
                "rsqveto_duration": 0.0,
                "psi3": 0.0,
                "spin2y": 0.0,
                "end_time_ns": 435103539,
                "coa_phase": -2.378901,
                "chisq": 3.7952552,
                "ttotal": 0.0,
                "kappa": 0.0,
                "spin1y": 0.0,
                "eta": 0.23690163,
                "tau4": 0.0,
                "mchirp": 32.744244,
                "Gamma7": 0.0,
                "Gamma0": 9477537.0,
                "alpha1": 0.0,
                "f_final": 702.60938,
                "Gamma9": 0.0,
                "channel": "GDS-CALIB_STRAIN_CLEAN",
                "bank_chisq": 0.0,
                "chisq_dof": 1,
                "alpha5": 0.0,
                "search": "",
                "alpha3": 0.0,
                "snr": 21.284637,
                "tau3": 0.51151788,
                "template_duration": 2.4001738430656,
                "mass2": 29.955526,
                "chi": 0.0,
                "cont_chisq_dof": 0,
                "Gamma6": 0.0,
                "Gamma2": 0.0,
                "alpha4": 0.0,
                "alpha2": 0.0,
                "cont_chisq": 0.0
            },
            {
                "end_time_gmst": 46204.306318378,
                "event_duration": 0.0,
                "amplitude": 0.0,
                "Gamma8": 0.0,
                "psi0": 0.0,
                "mass1": 47.73967,
                "impulse_time": 0,
                "bank_chisq_dof": 0,
                "Gamma1": 779.0,
                "tau5": 0.0,
                "Gamma4": 0.0,
                "impulse_time_ns": 0,
                "tau0": 1.4107373,
                "spin2z": -0.98355848,
                "alpha6": 0.0,
                "ifo": "V1",
                "spin1x": 0.0,
                "spin1z": 0.83113605,
                "end_time": 1264316116,
                "spin2x": 0.0,
                "mtotal": 77.695198,
                "sigmasq": 29241681.467586,
                "tau2": 0.0,
                "alpha": 0.0,
                "Gamma3": 0.0,
                "beta": 0.0,
                "Gamma5": 0.0,
                "rsqveto_duration": 0.0,
                "psi3": 0.0,
                "spin2y": 0.0,
                "end_time_ns": 412488204,
                "coa_phase": 2.217345,
                "chisq": 1.6702613,
                "ttotal": 0.0,
                "kappa": 0.0,
                "spin1y": 0.0,
                "eta": 0.23690163,
                "tau4": 0.0,
                "mchirp": 32.744244,
                "Gamma7": 0.0,
                "Gamma0": 9477537.0,
                "alpha1": 0.0,
                "f_final": 702.60938,
                "Gamma9": 0.0,
                "channel": "Hrec_hoft_16384Hz",
                "bank_chisq": 0.0,
                "chisq_dof": 1,
                "alpha5": 0.0,
                "search": "",
                "alpha3": 0.0,
                "snr": 6.4221034,
                "tau3": 0.51151788,
                "template_duration": 2.4001738430656,
                "mass2": 29.955526,
                "chi": 0.0,
                "cont_chisq_dof": 0,
                "Gamma6": 0.0,
                "Gamma2": 0.0,
                "alpha4": 0.0,
                "alpha2": 0.0,
                "cont_chisq": 0.0
            }
        ]
    },
    "superevent": "S200129m",
    "superevent_neighbours": {
        "S200129m": {
            "superevent_id": "S200129m",
            "gw_events": [
                "G378851",
                "G377988",
                "G377647",
                "G371236",
                "G361588",
                "G361587",
                "G361586",
                "G361585",
                "G361584",
                "G361583",
                "G361582",
                "G361581",
                "G361580",
                "G361579",
                "G361578"
            ],
            "preferred_event": "G361581",